task,scheduled_us,start_us,latency_us,exec_us,deadline_ms,result
SwitchTask,1768310247552583,1768310247552597,14,6002,500,HIT
SwitchTask,1768310248052583,1768310248053246,663,6003,500,HIT
SwitchTask,1768310248552583,1768310248559364,6781,6002,500,HIT
SwitchTask,1768310249052583,1768310249061361,8778,6005,500,HIT
SwitchTask,1768310249552583,1768310249558748,6165,6003,500,HIT
SwitchTask,1768310250052583,1768310250060818,8235,6000,500,HIT
SwitchTask,1768310250552583,1768310250553724,1141,6004,500,HIT
SwitchTask,1768310251052583,1768310251059959,7376,6003,500,HIT
SwitchTask,1768310251552583,1768310251556725,4142,6005,500,HIT
SwitchTask,1768310252052583,1768310252060063,7480,6000,500,HIT
SwitchTask,1768310252552583,1768310252556959,4376,6001,500,HIT
SwitchTask,1768310253052583,1768310253061435,8852,6004,500,HIT
SwitchTask,1768310253552583,1768310253556153,3570,6003,500,HIT
SwitchTask,1768310254052583,1768310254061781,9198,6002,500,HIT
SwitchTask,1768310254552583,1768310254554788,2205,6004,500,HIT
SwitchTask,1768310255052583,1768310255059517,6934,6005,500,HIT
SwitchTask,1768310255552583,1768310255557443,4860,6003,500,HIT
SwitchTask,1768310256052583,1768310256061383,8800,6000,500,HIT
SwitchTask,1768310256552583,1768310256554231,1648,6002,500,HIT
SwitchTask,1768310257052583,1768310257061708,9125,6001,500,HIT
SwitchTask,1768310257552583,1768310257560764,8181,6004,500,HIT
SwitchTask,1768310258052583,1768310258056313,3730,6002,500,HIT
SwitchTask,1768310258552583,1768310258558950,6367,6002,500,HIT
SwitchTask,1768310259052583,1768310259053677,1094,6002,500,HIT
SwitchTask,1768310259552583,1768310259558825,6242,6006,500,HIT
SwitchTask,1768310260052583,1768310260054520,1937,6003,500,HIT
SwitchTask,1768310260552583,1768310260553381,798,6003,500,HIT
SwitchTask,1768310261052583,1768310261055563,2980,6004,500,HIT
SwitchTask,1768310261552583,1768310261559547,6964,6004,500,HIT
SwitchTask,1768310262052583,1768310262055641,3058,6004,500,HIT
SwitchTask,1768310262552583,1768310262562124,9541,6004,500,HIT
SwitchTask,1768310263052583,1768310263056199,3616,6003,500,HIT
SwitchTask,1768310263552583,1768310263554618,2035,6005,500,HIT
SwitchTask,1768310264052583,1768310264056440,3857,6005,500,HIT
SwitchTask,1768310264552583,1768310264556172,3589,6006,500,HIT
SwitchTask,1768310265052583,1768310265062432,9849,6005,500,HIT
SwitchTask,1768310265552583,1768310265559327,6744,6004,500,HIT
SwitchTask,1768310266052583,1768310266061199,8616,6002,500,HIT
SwitchTask,1768310266552583,1768310266555064,2481,6001,500,HIT
SwitchTask,1768310267052583,1768310267062163,9580,6001,500,HIT
SwitchTask,1768310267552583,1768310267556183,3600,1200001,500,MISS
SwitchTask,1768310268052583,1768310271766916,3714333,1200002,500,MISS
SwitchTask,1768310268552583,1768310275977626,7425043,1200000,500,MISS
SwitchTask,1768310269052583,1768310278197780,9145197,6000,500,MISS
SwitchTask,1768310269552583,1768310278229141,8676558,6000,500,MISS
SwitchTask,1768310270052583,1768310278260538,8207955,6000,500,MISS
SwitchTask,1768310270552583,1768310278291939,7739356,6002,500,MISS
SwitchTask,1768310271052583,1768310278323402,7270819,6008,500,MISS
SwitchTask,1768310271552583,1768310278354704,6802121,6000,500,MISS
SwitchTask,1768310272052583,1768310278385966,6333383,6001,500,MISS
SwitchTask,1768310272552583,1768310278417087,5864504,6000,500,MISS
SwitchTask,1768310273052583,1768310278448442,5395859,6000,500,MISS
SwitchTask,1768310273552583,1768310278469586,4917003,6001,500,MISS
SwitchTask,1768310274052583,1768310278491000,4438417,6003,500,MISS
SwitchTask,1768310274552583,1768310278512203,3959620,6004,500,MISS
SwitchTask,1768310275052583,1768310278533397,3480814,6002,500,MISS
SwitchTask,1768310275552583,1768310278554893,3002310,6001,500,MISS
SwitchTask,1768310276052583,1768310278586372,2533789,6000,500,MISS
SwitchTask,1768310276552583,1768310278607872,2055289,6001,500,MISS
SwitchTask,1768310277052583,1768310278629442,1576859,6002,500,MISS
SwitchTask,1768310277552583,1768310278650704,1098121,6000,500,MISS
SwitchTask,1768310278052583,1768310278672122,619539,6004,500,MISS
SwitchTask,1768310278552583,1768310278693439,140856,6003,500,HIT
SwitchTask,1768310279052583,1768310279053772,1189,6005,500,HIT
SwitchTask,1768310279552583,1768310279557522,4939,6003,500,HIT
SwitchTask,1768310280052583,1768310280053690,1107,6002,500,HIT
SwitchTask,1768310280552583,1768310280558061,5478,6001,500,HIT
SwitchTask,1768310281052583,1768310281053554,971,6004,500,HIT
SwitchTask,1768310281552583,1768310281556938,4355,6002,500,HIT
SwitchTask,1768310282052583,1768310282052720,137,6005,500,HIT
SwitchTask,1768310282552583,1768310282555546,2963,6009,500,HIT
SwitchTask,1768310283052583,1768310283058753,6170,6004,500,HIT
SwitchTask,1768310283552583,1768310283555046,2463,6004,500,HIT
SwitchTask,1768310284052583,1768310284062324,9741,6001,500,HIT
SwitchTask,1768310284552583,1768310284560284,7701,6003,500,HIT
SwitchTask,1768310285052583,1768310285053987,1404,6000,500,HIT
SwitchTask,1768310285552583,1768310285559600,7017,6002,500,HIT
SwitchTask,1768310286052583,1768310286062162,9579,6005,500,HIT
SwitchTask,1768310286552583,1768310286556231,3648,6000,500,HIT
SwitchTask,1768310287052583,1768310287056046,3463,6001,500,HIT
SwitchTask,1768310287552583,1768310287562118,9535,6004,500,HIT
SwitchTask,1768310288052583,1768310288058956,6373,6005,500,HIT
SwitchTask,1768310288552583,1768310288552802,219,6003,500,HIT
SwitchTask,1768310289052583,1768310289054566,1983,6002,500,HIT
SwitchTask,1768310289552583,1768310289560315,7732,6003,500,HIT
SwitchTask,1768310290052583,1768310290053162,579,6004,500,HIT
SwitchTask,1768310290552583,1768310290554067,1484,6001,500,HIT
SwitchTask,1768310291052583,1768310291055169,2586,6005,500,HIT
SwitchTask,1768310291552583,1768310291561061,8478,6004,500,HIT
SwitchTask,1768310292052583,1768310292054345,1762,6004,500,HIT
SwitchTask,1768310292552583,1768310292559835,7252,6004,500,HIT
SwitchTask,1768310293052583,1768310293062127,9544,6005,500,HIT
SwitchTask,1768310293552583,1768310293556574,3991,6004,500,HIT
SwitchTask,1768310294052583,1768310294053513,930,6004,500,HIT
SwitchTask,1768310294552583,1768310294556721,4138,6004,500,HIT
SwitchTask,1768310295052583,1768310295057253,4670,6003,500,HIT
SwitchTask,1768310295552583,1768310295562905,10322,6004,500,HIT
SwitchTask,1768310296052583,1768310296057321,4738,6002,500,HIT
SwitchTask,1768310296552583,1768310296561252,8669,6003,500,HIT
SwitchTask,1768310297052583,1768310297052868,285,6002,500,HIT
SwitchTask,1768310297552583,1768310297554379,1796,6002,500,HIT
SwitchTask,1768310298052583,1768310298055567,2984,6002,500,HIT
SwitchTask,1768310298552583,1768310298558006,5423,6001,500,HIT
SwitchTask,1768310299052583,1768310299059816,7233,6001,500,HIT
SwitchTask,1768310299552583,1768310299561355,8772,6000,500,HIT
SwitchTask,1768310300052583,1768310300054849,2266,6004,500,HIT
SwitchTask,1768310300552583,1768310300559118,6535,6002,500,HIT
SwitchTask,1768310301052583,1768310301062795,10212,6002,500,HIT
SwitchTask,1768310301552583,1768310301559717,7134,6005,500,HIT
SwitchTask,1768310302052583,1768310302052758,175,6004,500,HIT
SwitchTask,1768310302552583,1768310302555515,2932,6005,500,HIT
SwitchTask,1768310303052583,1768310303056191,3608,6004,500,HIT
SwitchTask,1768310303552583,1768310303562103,9520,6005,500,HIT
SwitchTask,1768310304052583,1768310304056250,3667,6003,500,HIT
SwitchTask,1768310304552583,1768310304557958,5375,6001,500,HIT
SwitchTask,1768310305052583,1768310305060510,7927,6001,500,HIT
SwitchTask,1768310305552583,1768310305561745,9162,6002,500,HIT
SwitchTask,1768310306052583,1768310306062841,10258,6003,500,HIT
SwitchTask,1768310306552583,1768310306558954,6371,6004,500,HIT
SwitchTask,1768310307052583,1768310307053449,866,6005,500,HIT
SoilTask,1768310247552583,1768310247558607,6024,5003,500,HIT
SoilTask,1768310248052583,1768310248059259,6676,5002,500,HIT
SoilTask,1768310248552583,1768310248565373,12790,5000,500,HIT
SoilTask,1768310249052583,1768310249067383,14800,5004,500,HIT
SoilTask,1768310249552583,1768310249564762,12179,5002,500,HIT
SoilTask,1768310250052583,1768310250066831,14248,5000,500,HIT
SoilTask,1768310250552583,1768310250559744,7161,5002,500,HIT
SoilTask,1768310251052583,1768310251065975,13392,5002,500,HIT
SoilTask,1768310251552583,1768310251562745,10162,5004,500,HIT
SoilTask,1768310252052583,1768310252066068,13485,5001,500,HIT
SoilTask,1768310252552583,1768310252562968,10385,5005,500,HIT
SoilTask,1768310253052583,1768310253067453,14870,5009,500,HIT
SoilTask,1768310253552583,1768310253562165,9582,5000,500,HIT
SoilTask,1768310254052583,1768310254067794,15211,5001,500,HIT
SoilTask,1768310254552583,1768310254560805,8222,5002,500,HIT
SoilTask,1768310255052583,1768310255065539,12956,5003,500,HIT
SoilTask,1768310255552583,1768310255563458,10875,5002,500,HIT
SoilTask,1768310256052583,1768310256067388,14805,5001,500,HIT
SoilTask,1768310256552583,1768310256560240,7657,5000,500,HIT
SoilTask,1768310257052583,1768310257067714,15131,5000,500,HIT
SoilTask,1768310257552583,1768310257566781,14198,5003,500,HIT
SoilTask,1768310258052583,1768310258062326,9743,5002,500,HIT
SoilTask,1768310258552583,1768310258564962,12379,5000,500,HIT
SoilTask,1768310259052583,1768310259059692,7109,5002,500,HIT
SoilTask,1768310259552583,1768310259564856,12273,5008,500,HIT
SoilTask,1768310260052583,1768310260060551,7968,5003,500,HIT
SoilTask,1768310260552583,1768310260559396,6813,5003,500,HIT
SoilTask,1768310261052583,1768310261061578,8995,5002,500,HIT
SoilTask,1768310261552583,1768310261565564,12981,5003,500,HIT
SoilTask,1768310262052583,1768310262061658,9075,5004,500,HIT
SoilTask,1768310262552583,1768310262568139,15556,5002,500,HIT
SoilTask,1768310263052583,1768310263062211,9628,5002,500,HIT
SoilTask,1768310263552583,1768310263560638,8055,5004,500,HIT
SoilTask,1768310264052583,1768310264062464,9881,5003,500,HIT
SoilTask,1768310264552583,1768310264562192,9609,5004,500,HIT
SoilTask,1768310265052583,1768310265068452,15869,5003,500,HIT
SoilTask,1768310265552583,1768310265565341,12758,5002,500,HIT
SoilTask,1768310266052583,1768310266067206,14623,5001,500,HIT
SoilTask,1768310266552583,1768310266561071,8488,5000,500,HIT
SoilTask,1768310267052583,1768310267068172,15589,5001,500,HIT
SoilTask,1768310267552583,1768310268756192,1203609,1000001,500,MISS
SoilTask,1768310268052583,1768310272966925,4914342,1000000,500,MISS
SoilTask,1768310268552583,1768310277177634,8625051,1000001,500,MISS
SoilTask,1768310269052583,1768310278203785,9151202,5000,500,MISS
SoilTask,1768310269552583,1768310278235144,8682561,5001,500,MISS
SoilTask,1768310270052583,1768310278266542,8213959,5000,500,MISS
SoilTask,1768310270552583,1768310278297952,7745369,5000,500,MISS
SoilTask,1768310271052583,1768310278329416,7276833,5001,500,MISS
SoilTask,1768310271552583,1768310278360710,6808127,5000,500,MISS
SoilTask,1768310272052583,1768310278391971,6339388,5000,500,MISS
SoilTask,1768310272552583,1768310278423093,5870510,5000,500,MISS
SoilTask,1768310273052583,1768310278454446,5401863,5000,500,MISS
SoilTask,1768310273552583,1768310278475592,4923009,5000,500,MISS
SoilTask,1768310274052583,1768310278497014,4444431,5002,500,MISS
SoilTask,1768310274552583,1768310278518218,3965635,5002,500,MISS
SoilTask,1768310275052583,1768310278539406,3486823,5001,500,MISS
SoilTask,1768310275552583,1768310278560899,3008316,5000,500,MISS
SoilTask,1768310276052583,1768310278592376,2539793,5001,500,MISS
SoilTask,1768310276552583,1768310278613884,2061301,5000,500,MISS
SoilTask,1768310277052583,1768310278635452,1582869,5001,500,MISS
SoilTask,1768310277552583,1768310278656709,1104126,5000,500,MISS
SoilTask,1768310278052583,1768310278678138,625555,5002,500,MISS
SoilTask,1768310278552583,1768310278699454,146871,5002,500,HIT
SoilTask,1768310279052583,1768310279059791,7208,5003,500,HIT
SoilTask,1768310279552583,1768310279563542,10959,5000,500,HIT
SoilTask,1768310280052583,1768310280059702,7119,5001,500,HIT
SoilTask,1768310280552583,1768310280564067,11484,5001,500,HIT
SoilTask,1768310281052583,1768310281059570,6987,5003,500,HIT
SoilTask,1768310281552583,1768310281562949,10366,5002,500,HIT
SoilTask,1768310282052583,1768310282058739,6156,5003,500,HIT
SoilTask,1768310282552583,1768310282561579,8996,5005,500,HIT
SoilTask,1768310283052583,1768310283064770,12187,5004,500,HIT
SoilTask,1768310283552583,1768310283561065,8482,5004,500,HIT
SoilTask,1768310284052583,1768310284068337,15754,5003,500,HIT
SoilTask,1768310284552583,1768310284566297,13714,5002,500,HIT
SoilTask,1768310285052583,1768310285059991,7408,5000,500,HIT
SoilTask,1768310285552583,1768310285565611,13028,5000,500,HIT
SoilTask,1768310286052583,1768310286068181,15598,5003,500,HIT
SoilTask,1768310286552583,1768310286562237,9654,5001,500,HIT
SoilTask,1768310287052583,1768310287062053,9470,5002,500,HIT
SoilTask,1768310287552583,1768310287568137,15554,5004,500,HIT
SoilTask,1768310288052583,1768310288064979,12396,5004,500,HIT
SoilTask,1768310288552583,1768310288558816,6233,5002,500,HIT
SoilTask,1768310289052583,1768310289060578,7995,5002,500,HIT
SoilTask,1768310289552583,1768310289566328,13745,5003,500,HIT
SoilTask,1768310290052583,1768310290059179,6596,5002,500,HIT
SoilTask,1768310290552583,1768310290560072,7489,5000,500,HIT
SoilTask,1768310291052583,1768310291061187,8604,5002,500,HIT
SoilTask,1768310291552583,1768310291567078,14495,5002,500,HIT
SoilTask,1768310292052583,1768310292060362,7779,5003,500,HIT
SoilTask,1768310292552583,1768310292565869,13286,5003,500,HIT
SoilTask,1768310293052583,1768310293068148,15565,5002,500,HIT
SoilTask,1768310293552583,1768310293562601,10018,5003,500,HIT
SoilTask,1768310294052583,1768310294059531,6948,5002,500,HIT
SoilTask,1768310294552583,1768310294562738,10155,5003,500,HIT
SoilTask,1768310295052583,1768310295063265,10682,5002,500,HIT
SoilTask,1768310295552583,1768310295568922,16339,5004,500,HIT
SoilTask,1768310296052583,1768310296063330,10747,5001,500,HIT
SoilTask,1768310296552583,1768310296567264,14681,5002,500,HIT
SoilTask,1768310297052583,1768310297058881,6298,5000,500,HIT
SoilTask,1768310297552583,1768310297560389,7806,5001,500,HIT
SoilTask,1768310298052583,1768310298061577,8994,5001,500,HIT
SoilTask,1768310298552583,1768310298564013,11430,5000,500,HIT
SoilTask,1768310299052583,1768310299065822,13239,5000,500,HIT
SoilTask,1768310299552583,1768310299567359,14776,5001,500,HIT
SoilTask,1768310300052583,1768310300060866,8283,5002,500,HIT
SoilTask,1768310300552583,1768310300565129,12546,5001,500,HIT
SoilTask,1768310301052583,1768310301068809,16226,5002,500,HIT
SoilTask,1768310301552583,1768310301565742,13159,5002,500,HIT
SoilTask,1768310302052583,1768310302058775,6192,5003,500,HIT
SoilTask,1768310302552583,1768310302561536,8953,5003,500,HIT
SoilTask,1768310303052583,1768310303062210,9627,5004,500,HIT
SoilTask,1768310303552583,1768310303568122,15539,5003,500,HIT
SoilTask,1768310304052583,1768310304062265,9682,5003,500,HIT
SoilTask,1768310304552583,1768310304563963,11380,5001,500,HIT
SoilTask,1768310305052583,1768310305066517,13934,5000,500,HIT
SoilTask,1768310305552583,1768310305567758,15175,5002,500,HIT
SoilTask,1768310306052583,1768310306068855,16272,5002,500,HIT
SoilTask,1768310306552583,1768310306564972,12389,5003,500,HIT
SoilTask,1768310307052583,1768310307059467,6884,5003,500,HIT
Display,1768310247552583,1768310247563618,11035,10000,1000,HIT
Display,1768310248552583,1768310248570376,17793,10001,1000,HIT
Display,1768310249552583,1768310249569771,17188,10002,1000,HIT
Display,1768310250552583,1768310250564751,12168,10002,1000,HIT
Display,1768310251552583,1768310251567767,15184,10003,1000,HIT
Display,1768310252552583,1768310252567981,15398,10002,1000,HIT
Display,1768310253552583,1768310253567170,14587,10003,1000,HIT
Display,1768310254552583,1768310254565816,13233,10002,1000,HIT
Display,1768310255552583,1768310255568469,15886,10001,1000,HIT
Display,1768310256552583,1768310256565244,12661,10001,1000,HIT
Display,1768310257552583,1768310257571793,19210,10003,1000,HIT
Display,1768310258552583,1768310258569966,17383,10001,1000,HIT
Display,1768310259552583,1768310259569887,17304,10005,1000,HIT
Display,1768310260552583,1768310260564406,11823,10003,1000,HIT
Display,1768310261552583,1768310261570575,17992,10002,1000,HIT
Display,1768310262552583,1768310262573148,20565,10002,1000,HIT
Display,1768310263552583,1768310263565659,13076,10006,1000,HIT
Display,1768310264552583,1768310264567211,14628,10003,1000,HIT
Display,1768310265552583,1768310265570352,17769,10002,1000,HIT
Display,1768310266552583,1768310266566074,13491,10000,1000,HIT
Display,1768310267552583,1768310269756201,2203618,2000001,1000,MISS
Display,1768310268552583,1768310273966932,5414349,2000000,1000,MISS
Display,1768310269552583,1768310278177643,8625060,10000,1000,MISS
Display,1768310270552583,1768310278208787,7656204,10001,1000,MISS
Display,1768310271552583,1768310278240148,6687565,10000,1000,MISS
Display,1768310272552583,1768310278271544,5718961,10000,1000,MISS
Display,1768310273552583,1768310278302954,4750371,10000,1000,MISS
Display,1768310274552583,1768310278334423,3781840,10000,1000,MISS
Display,1768310275552583,1768310278365713,2813130,10002,1000,MISS
Display,1768310276552583,1768310278396973,1844390,10000,1000,MISS
Display,1768310277552583,1768310278428097,875514,10000,1000,HIT
Display,1768310278552583,1768310278565901,13318,10000,1000,HIT
Display,1768310279552583,1768310279568549,15966,10002,1000,HIT
Display,1768310280552583,1768310280569073,16490,10001,1000,HIT
Display,1768310281552583,1768310281567960,15377,10002,1000,HIT
Display,1768310282552583,1768310282566598,14015,10004,1000,HIT
Display,1768310283552583,1768310283566083,13500,10003,1000,HIT
Display,1768310284552583,1768310284571311,18728,10002,1000,HIT
Display,1768310285552583,1768310285570626,18043,10000,1000,HIT
Display,1768310286552583,1768310286567242,14659,10000,1000,HIT
Display,1768310287552583,1768310287573148,20565,10002,1000,HIT
Display,1768310288552583,1768310288563823,11240,10001,1000,HIT
Display,1768310289552583,1768310289571348,18765,10004,1000,HIT
Display,1768310290552583,1768310290565074,12491,10000,1000,HIT
Display,1768310291552583,1768310291572093,19510,10002,1000,HIT
Display,1768310292552583,1768310292570882,18299,10003,1000,HIT
Display,1768310293552583,1768310293567615,15032,10003,1000,HIT
Display,1768310294552583,1768310294567754,15171,10002,1000,HIT
Display,1768310295552583,1768310295573943,21360,10003,1000,HIT
Display,1768310296552583,1768310296572272,19689,10002,1000,HIT
Display,1768310297552583,1768310297565395,12812,10000,1000,HIT
Display,1768310298552583,1768310298569017,16434,10001,1000,HIT
Display,1768310299552583,1768310299572365,19782,10000,1000,HIT
Display,1768310300552583,1768310300570138,17555,10001,1000,HIT
Display,1768310301552583,1768310301570756,18173,10002,1000,HIT
Display,1768310302552583,1768310302566549,13966,10003,1000,HIT
Display,1768310303552583,1768310303573132,20549,10004,1000,HIT
Display,1768310304552583,1768310304568966,16383,10000,1000,HIT
Display,1768310305552583,1768310305572772,20189,10002,1000,HIT
Display,1768310306552583,1768310306569983,17400,10002,1000,HIT
