task,scheduled_us,start_us,latency_us,exec_us
Switch,1767954716212042,1767954716212052,10,5002
Switch,1767954717212042,1767954717264842,52800,5002
Switch,1767954718212042,1767954718302940,90898,5005
Switch,1767954719212042,1767954719350538,138496,5003
Switch,1767954720212042,1767954720400092,188050,5003
Switch,1767954721212042,1767954721448940,236898,5003
Switch,1767954722212042,1767954722485652,273610,5002
Switch,1767954723212042,1767954723531926,319884,5001
Switch,1767954724212042,1767954724580357,368315,5001
Switch,1767954725212042,1767954725628295,416253,5002
Switch,1767954726212042,1767954726675165,463123,5002
Switch,1767954727212042,1767954727720263,508221,5003
Switch,1767954728212042,1767954728767217,555175,5003
Switch,1767954729212042,1767954729816372,604330,5004
Switch,1767954730212042,1767954730866546,654504,5003
Switch,1767954731212042,1767954731944911,732869,5002
Switch,1767954732212042,1767954732984370,772328,5003
Switch,1767954733212042,1767954734034304,822262,5002
Switch,1767954734212042,1767954735080781,868739,5001
Switch,1767954735212042,1767954736126766,914724,5002
Switch,1767954736212042,1767954737231402,1019360,40001
Switch,1767954737212042,1767954738389988,1177946,40003
Switch,1767954738212042,1767954739550857,1338815,40003
Switch,1767954739212042,1767954740712938,1500896,40001
Switch,1767954740212042,1767954741869487,1657445,40002
Switch,1767954741212042,1767954743031178,1819136,40004
Switch,1767954742212042,1767954744195061,1983019,40005
Switch,1767954743212042,1767954745357864,2145822,40003
Switch,1767954744212042,1767954746504776,2292734,5003
Switch,1767954745212042,1767954747555310,2343268,5002
Switch,1767954746212042,1767954748605994,2393952,5002
Switch,1767954747212042,1767954749655232,2443190,5003
Switch,1767954748212042,1767954750701036,2488994,5003
Switch,1767954749212042,1767954751748541,2536499,5003
Switch,1767954750212042,1767954752795232,2583190,5003
Switch,1767954751212042,1767954753846208,2634166,5003
Switch,1767954752212042,1767954754893627,2681585,5003
Switch,1767954753212042,1767954755942437,2730395,5002
Switch,1767954754212042,1767954756992520,2780478,5003
Switch,1767954755212042,1767954758042554,2830512,5001
Switch,1767954756212042,1767954759093950,2881908,5003
Switch,1767954757212042,1767954760146755,2934713,5001
Switch,1767954758212042,1767954761198770,2986728,5001
Switch,1767954759212042,1767954762251771,3039729,5004
Switch,1767954760212042,1767954763301842,3089800,5004
Switch,1767954761212042,1767954764350522,3138480,5004
Switch,1767954762212042,1767954765398641,3186599,5003
Switch,1767954763212042,1767954766444461,3232419,5002
Switch,1767954764212042,1767954767491688,3279646,5001
Switch,1767954765212042,1767954768542751,3330709,5001
Switch,1767954766212042,1767954769595824,3383782,5003
Switch,1767954767212042,1767954770651711,3439669,5005
Switch,1767954768212042,1767954771706214,3494172,5004
Switch,1767954769212042,1767954772755280,3543238,5003
Switch,1767954770212042,1767954773806661,3594619,5002
Switch,1767954771212042,1767954774862405,3650363,5004
Switch,1767954772212042,1767954775916819,3704777,5004
Sensor,1767954716212042,1767954716217064,5022,2001
Sensor,1767954716412042,1767954716429316,17274,2002
Sensor,1767954716612042,1767954716638132,26090,2001
Sensor,1767954716812042,1767954716848584,36542,2003
Sensor,1767954717012042,1767954717057414,45372,2001
Sensor,1767954717212042,1767954717269848,57806,2001
Sensor,1767954717412042,1767954717475080,63038,2007
Sensor,1767954717612042,1767954717680453,68411,2002
Sensor,1767954717812042,1767954717887226,75184,2000
Sensor,1767954718012042,1767954718095427,83385,2001
Sensor,1767954718212042,1767954718307959,95917,2004
Sensor,1767954718412042,1767954718521249,109207,2001
Sensor,1767954718612042,1767954718729110,117068,2003
Sensor,1767954718812042,1767954718936453,124411,2002
Sensor,1767954719012042,1767954719144026,131984,2002
Sensor,1767954719212042,1767954719355546,143504,2001
Sensor,1767954719412042,1767954719566205,154163,2000
Sensor,1767954719612042,1767954719774655,162613,2003
Sensor,1767954719812042,1767954719983420,171378,2006
Sensor,1767954720012042,1767954720192458,180416,2003
Sensor,1767954720212042,1767954720405107,193065,2000
Sensor,1767954720412042,1767954720614271,202229,2002
Sensor,1767954720612042,1767954720822620,210578,2000
Sensor,1767954720812042,1767954721032434,220392,2004
Sensor,1767954721012042,1767954721240413,228371,2000
Sensor,1767954721212042,1767954721453953,241911,2002
Sensor,1767954721412042,1767954721662090,250048,2001
Sensor,1767954721612042,1767954721868227,256185,2001
Sensor,1767954721812042,1767954722074658,262616,2002
Sensor,1767954722012042,1767954722280262,268220,2001
Sensor,1767954722212042,1767954722490671,278629,2001
Sensor,1767954722412042,1767954722697888,285846,2006
Sensor,1767954722612042,1767954722907167,295125,2004
Sensor,1767954722812042,1767954723115821,303779,2002
Sensor,1767954723012042,1767954723323575,311533,2003
Sensor,1767954723212042,1767954723536937,324895,2002
Sensor,1767954723412042,1767954723745707,333665,2002
Sensor,1767954723612042,1767954723954037,341995,2002
Sensor,1767954723812042,1767954724162765,350723,2004
Sensor,1767954724012042,1767954724371122,359080,2004
Sensor,1767954724212042,1767954724585368,373326,2001
Sensor,1767954724412042,1767954724793833,381791,2003
Sensor,1767954724612042,1767954725001905,389863,2003
Sensor,1767954724812042,1767954725211258,399216,2003
Sensor,1767954725012042,1767954725419417,407375,2002
Sensor,1767954725212042,1767954725633305,421263,2002
Sensor,1767954725412042,1767954725842267,430225,2002
Sensor,1767954725612042,1767954726050872,438830,2002
Sensor,1767954725812042,1767954726258947,446905,2002
Sensor,1767954726012042,1767954726467844,455802,2005
Sensor,1767954726212042,1767954726680175,468133,2002
Sensor,1767954726412042,1767954726889045,477003,2002
Sensor,1767954726612042,1767954727097132,485090,2002
Sensor,1767954726812042,1767954727305388,493346,2002
Sensor,1767954727012042,1767954727513043,501001,2002
Sensor,1767954727212042,1767954727725272,513230,2002
Sensor,1767954727412042,1767954727933692,521650,2002
Sensor,1767954727612042,1767954728142280,530238,2001
Sensor,1767954727812042,1767954728349408,537366,2005
Sensor,1767954728012042,1767954728558541,546499,2002
Sensor,1767954728212042,1767954728772230,560188,2002
Sensor,1767954728412042,1767954728982298,570256,2004
Sensor,1767954728612042,1767954729190381,578339,2004
Sensor,1767954728812042,1767954729398926,586884,2005
Sensor,1767954729012042,1767954729607623,595581,2006
Sensor,1767954729212042,1767954729821406,609364,2004
Sensor,1767954729412042,1767954730031856,619814,2003
Sensor,1767954729612042,1767954730242130,630088,2004
Sensor,1767954729812042,1767954730451064,639022,2001
Sensor,1767954730012042,1767954730659174,647132,2001
Sensor,1767954730212042,1767954730871561,659519,2003
Sensor,1767954730412042,1767954731082575,670533,2005
Sensor,1767954730612042,1767954731291767,679725,2006
Sensor,1767954730812042,1767954731499601,687559,2002
Sensor,1767954731012042,1767954731708184,696142,2002
Sensor,1767954731212042,1767954731949922,737880,2002
Sensor,1767954731412042,1767954732156332,744290,2006
Sensor,1767954731612042,1767954732361560,749518,2001
Sensor,1767954731812042,1767954732568865,756823,2002
Sensor,1767954732012042,1767954732775855,763813,2002
Sensor,1767954732212042,1767954732989386,777344,2003
Sensor,1767954732412042,1767954733199174,787132,2003
Sensor,1767954732612042,1767954733408286,796244,2004
Sensor,1767954732812042,1767954733616922,804880,2003
Sensor,1767954733012042,1767954733825087,813045,2005
Sensor,1767954733212042,1767954734039314,827272,2000
Sensor,1767954733412042,1767954734248230,836188,2004
Sensor,1767954733612042,1767954734456198,844156,2003
Sensor,1767954733812042,1767954734664622,852580,2003
Sensor,1767954734012042,1767954734872715,860673,2004
Sensor,1767954734212042,1767954735085787,873745,2002
Sensor,1767954734412042,1767954735295088,883046,2005
Sensor,1767954734612042,1767954735504856,892814,2002
Sensor,1767954734812042,1767954735711832,899790,2002
Sensor,1767954735012042,1767954735917889,905847,2002
Sensor,1767954735212042,1767954736131777,919735,2002
Sensor,1767954735412042,1767954736341060,929018,16002
Sensor,1767954735612042,1767954736563858,951816,16009
Sensor,1767954735812042,1767954736785897,973855,16004
Sensor,1767954736012042,1767954737008038,995996,16003
Sensor,1767954736212042,1767954737271410,1059368,16000
Sensor,1767954736412042,1767954737499467,1087425,16004
Sensor,1767954736612042,1767954737721693,1109651,16004
Sensor,1767954736812042,1767954737945557,1133515,16002
Sensor,1767954737012042,1767954738168135,1156093,16002
Sensor,1767954737212042,1767954738430019,1217977,16001
Sensor,1767954737412042,1767954738660562,1248520,16004
Sensor,1767954737612042,1767954738882119,1270077,16003
Sensor,1767954737812042,1767954739104938,1292896,16003
Sensor,1767954738012042,1767954739327710,1315668,16002
Sensor,1767954738212042,1767954739590891,1378849,16003
Sensor,1767954738412042,1767954739820562,1408520,16005
Sensor,1767954738612042,1767954740043318,1431276,16037
Sensor,1767954738812042,1767954740267747,1455705,16005
Sensor,1767954739012042,1767954740490817,1478775,16003
Sensor,1767954739212042,1767954740752945,1540903,16000
Sensor,1767954739412042,1767954740983629,1571587,16003
Sensor,1767954739612042,1767954741205822,1593780,16005
Sensor,1767954739812042,1767954741427104,1615062,16004
Sensor,1767954740012042,1767954741648607,1636565,16002
Sensor,1767954740212042,1767954741909496,1697454,16000
Sensor,1767954740412042,1767954742141915,1729873,16001
Sensor,1767954740612042,1767954742365445,1753403,16004
Sensor,1767954740812042,1767954742587458,1775416,16002
Sensor,1767954741012042,1767954742809288,1797246,16002
Sensor,1767954741212042,1767954743071195,1859153,16000
Sensor,1767954741412042,1767954743303387,1891345,16005
Sensor,1767954741612042,1767954743525613,1913571,16001
Sensor,1767954741812042,1767954743747293,1935251,16003
Sensor,1767954742012042,1767954743969129,1957087,16005
Sensor,1767954742212042,1767954744235080,2023038,16002
Sensor,1767954742412042,1767954744464948,2052906,16003
Sensor,1767954742612042,1767954744688233,2076191,16005
Sensor,1767954742812042,1767954744910684,2098642,16004
Sensor,1767954743012042,1767954745134383,2122341,16002
Sensor,1767954743212042,1767954745397877,2185835,16001
Sensor,1767954743412042,1767954745627688,2215646,16001
Sensor,1767954743612042,1767954745850191,2238149,16005
Sensor,1767954743812042,1767954746072337,2260295,16000
Sensor,1767954744012042,1767954746294360,2282318,2001
Sensor,1767954744212042,1767954746509792,2297750,2001
Sensor,1767954744412042,1767954746720166,2308124,2003
Sensor,1767954744612042,1767954746930346,2318304,2005
Sensor,1767954744812042,1767954747138554,2326512,2005
Sensor,1767954745012042,1767954747346272,2334230,2003
Sensor,1767954745212042,1767954747560321,2348279,2003
Sensor,1767954745412042,1767954747769712,2357670,2002
Sensor,1767954745612042,1767954747978439,2366397,2003
Sensor,1767954745812042,1767954748188519,2376477,2004
Sensor,1767954746012042,1767954748396526,2384484,2001
Sensor,1767954746212042,1767954748611003,2398961,2001
Sensor,1767954746412042,1767954748820531,2408489,2002
Sensor,1767954746612042,1767954749028689,2416647,2002
Sensor,1767954746812042,1767954749238072,2426030,2002
Sensor,1767954747012042,1767954749446891,2434849,2002
Sensor,1767954747212042,1767954749660242,2448200,2001
Sensor,1767954747412042,1767954749868927,2456885,2002
Sensor,1767954747612042,1767954750077473,2465431,2002
Sensor,1767954747812042,1767954750285568,2473526,2002
Sensor,1767954748012042,1767954750493817,2481775,2003
Sensor,1767954748212042,1767954750706066,2494024,2002
Sensor,1767954748412042,1767954750914915,2502873,2002
Sensor,1767954748612042,1767954751123448,2511406,2002
Sensor,1767954748812042,1767954751332212,2520170,2004
Sensor,1767954749012042,1767954751540937,2528895,2001
Sensor,1767954749212042,1767954751753553,2541511,2002
Sensor,1767954749412042,1767954751963245,2551203,2004
Sensor,1767954749612042,1767954752172302,2560260,2002
Sensor,1767954749812042,1767954752379909,2567867,2003
Sensor,1767954750012042,1767954752588884,2576842,2003
Sensor,1767954750212042,1767954752800243,2588201,2000
Sensor,1767954750412042,1767954753009243,2597201,2004
Sensor,1767954750612042,1767954753220095,2608053,2040
Sensor,1767954750812042,1767954753429128,2617086,2004
Sensor,1767954751012042,1767954753637241,2625199,2003
Sensor,1767954751212042,1767954753851223,2639181,2002
Sensor,1767954751412042,1767954754060929,2648887,2002
Sensor,1767954751612042,1767954754269662,2657620,2004
Sensor,1767954751812042,1767954754477986,2665944,2006
Sensor,1767954752012042,1767954754685755,2673713,2002
Sensor,1767954752212042,1767954754898641,2686599,2002
Sensor,1767954752412042,1767954755107809,2695767,2000
Sensor,1767954752612042,1767954755316409,2704367,2005
Sensor,1767954752812042,1767954755525810,2713768,2004
Sensor,1767954753012042,1767954755733578,2721536,2002
Sensor,1767954753212042,1767954755947450,2735408,2001
Sensor,1767954753412042,1767954756158690,2746648,2004
Sensor,1767954753612042,1767954756365238,2753196,2004
Sensor,1767954753812042,1767954756574808,2762766,2002
Sensor,1767954754012042,1767954756783450,2771408,2004
Sensor,1767954754212042,1767954756997534,2785492,2002
Sensor,1767954754412042,1767954757208060,2796018,2003
Sensor,1767954754612042,1767954757417148,2805106,2005
Sensor,1767954754812042,1767954757625646,2813604,2002
Sensor,1767954755012042,1767954757833821,2821779,2002
Sensor,1767954755212042,1767954758047563,2835521,2001
Sensor,1767954755412042,1767954758256839,2844797,2004
Sensor,1767954755612042,1767954758466491,2854449,2004
Sensor,1767954755812042,1767954758678128,2866086,2004
Sensor,1767954756012042,1767954758885980,2873938,2003
Sensor,1767954756212042,1767954759098969,2886927,2002
Sensor,1767954756412042,1767954759308618,2896576,2002
Sensor,1767954756612042,1767954759516901,2904859,2005
Sensor,1767954756812042,1767954759725557,2913515,2005
Sensor,1767954757012042,1767954759934661,2922619,2006
Sensor,1767954757212042,1767954760151761,2939719,2001
Sensor,1767954757412042,1767954760362053,2950011,2004
Sensor,1767954757612042,1767954760569310,2957268,2002
Sensor,1767954757812042,1767954760779483,2967441,2005
Sensor,1767954758012042,1767954760989391,2977349,2006
Sensor,1767954758212042,1767954761203781,2991739,2000
Sensor,1767954758412042,1767954761414176,3002134,2006
Sensor,1767954758612042,1767954761624278,3012236,2005
Sensor,1767954758812042,1767954761833537,3021495,2000
Sensor,1767954759012042,1767954762044068,3032026,2002
Sensor,1767954759212042,1767954762256789,3044747,2002
Sensor,1767954759412042,1767954762465552,3053510,2003
Sensor,1767954759612042,1767954762675057,3063015,2002
Sensor,1767954759812042,1767954762883638,3071596,2005
Sensor,1767954760012042,1767954763092181,3080139,2002
Sensor,1767954760212042,1767954763306858,3094816,2002
Sensor,1767954760412042,1767954763516629,3104587,2003
Sensor,1767954760612042,1767954763724480,3112438,2002
Sensor,1767954760812042,1767954763933301,3121259,2003
Sensor,1767954761012042,1767954764141712,3129670,2002
Sensor,1767954761212042,1767954764355542,3143500,2002
Sensor,1767954761412042,1767954764565763,3153721,2003
Sensor,1767954761612042,1767954764773536,3161494,2002
Sensor,1767954761812042,1767954764982156,3170114,2002
Sensor,1767954762012042,1767954765190615,3178573,2002
Sensor,1767954762212042,1767954765403653,3191611,2001
Sensor,1767954762412042,1767954765613469,3201427,2003
Sensor,1767954762612042,1767954765821235,3209193,2019
Sensor,1767954762812042,1767954766027072,3215030,2001
Sensor,1767954763012042,1767954766235731,3223689,2001
Sensor,1767954763212042,1767954766449472,3237430,2002
Sensor,1767954763412042,1767954766658564,3246522,2005
Sensor,1767954763612042,1767954766866993,3254951,2003
Sensor,1767954763812042,1767954767076149,3264107,2003
Sensor,1767954764012042,1767954767284596,3272554,2003
Sensor,1767954764212042,1767954767496695,3284653,2000
Sensor,1767954764412042,1767954767706539,3294497,2004
Sensor,1767954764612042,1767954767915745,3303703,2004
Sensor,1767954764812042,1767954768125751,3313709,2001
Sensor,1767954765012042,1767954768334717,3322675,2004
Sensor,1767954765212042,1767954768547757,3335715,2000
Sensor,1767954765412042,1767954768757709,3345667,2004
Sensor,1767954765612042,1767954768965024,3352982,2004
Sensor,1767954765812042,1767954769176025,3363983,2002
Sensor,1767954766012042,1767954769386259,3374217,2004
Sensor,1767954766212042,1767954769600836,3388794,2001
Sensor,1767954766412042,1767954769811036,3398994,2006
Sensor,1767954766612042,1767954770022177,3410135,2004
Sensor,1767954766812042,1767954770232524,3420482,2004
Sensor,1767954767012042,1767954770442405,3430363,2002
Sensor,1767954767212042,1767954770656741,3444699,2002
Sensor,1767954767412042,1767954770866607,3454565,2003
Sensor,1767954767612042,1767954771076197,3464155,2000
Sensor,1767954767812042,1767954771286511,3474469,2003
Sensor,1767954768012042,1767954771495249,3483207,2004
Sensor,1767954768212042,1767954771711232,3499190,2003
Sensor,1767954768412042,1767954771921188,3509146,2003
Sensor,1767954768612042,1767954772130231,3518189,2002
Sensor,1767954768812042,1767954772338529,3526487,2002
Sensor,1767954769012042,1767954772546733,3534691,2001
Sensor,1767954769212042,1767954772760290,3548248,2002
Sensor,1767954769412042,1767954772968820,3556778,2002
Sensor,1767954769612042,1767954773178397,3566355,2002
Sensor,1767954769812042,1767954773387699,3575657,2002
Sensor,1767954770012042,1767954773597936,3585894,2003
Sensor,1767954770212042,1767954773811673,3599631,2001
Sensor,1767954770412042,1767954774023086,3611044,2004
Sensor,1767954770612042,1767954774232626,3620584,2004
Sensor,1767954770812042,1767954774443605,3631563,2006
Sensor,1767954771012042,1767954774653543,3641501,2003
Sensor,1767954771212042,1767954774867420,3655378,2002
Sensor,1767954771412042,1767954775077303,3665261,2003
Sensor,1767954771612042,1767954775286179,3674137,2003
Sensor,1767954771812042,1767954775495089,3683047,2006
Sensor,1767954772012042,1767954775706558,3694516,2004
Sensor,1767954772212042,1767954775921837,3709795,2003
Sensor,1767954772412042,1767954776133346,3721304,2002
Display,1767954716212042,1767954716219068,7026,1000
Display,1767954717212042,1767954717271852,59810,1000
Display,1767954718212042,1767954718309973,97931,1003
Display,1767954719212042,1767954719357548,145506,1001
Display,1767954720212042,1767954720407110,195068,1001
Display,1767954721212042,1767954721455959,243917,1002
Display,1767954722212042,1767954722492679,280637,1000
Display,1767954723212042,1767954723538942,326900,1002
Display,1767954724212042,1767954724587374,375332,1002
Display,1767954725212042,1767954725635310,423268,1002
Display,1767954726212042,1767954726682181,470139,1002
Display,1767954727212042,1767954727727285,515243,1001
Display,1767954728212042,1767954728774252,562210,1002
Display,1767954729212042,1767954729823421,611379,1001
Display,1767954730212042,1767954730873574,661532,1002
Display,1767954731212042,1767954731951930,739888,1001
Display,1767954732212042,1767954732991400,779358,1002
Display,1767954733212042,1767954734041317,829275,1001
Display,1767954734212042,1767954735087792,875750,1001
Display,1767954735212042,1767954736133783,921741,1001
Display,1767954736212042,1767954737287415,1075373,8000
Display,1767954737212042,1767954738446025,1233983,8000
Display,1767954738212042,1767954739606916,1394874,8000
Display,1767954739212042,1767954740768952,1556910,8000
Display,1767954740212042,1767954741925500,1713458,8001
Display,1767954741212042,1767954743087202,1875160,8001
Display,1767954742212042,1767954744251089,2039047,8001
Display,1767954743212042,1767954745413889,2201847,8002
Display,1767954744212042,1767954746511800,2299758,1002
Display,1767954745212042,1767954747562328,2350286,1001
Display,1767954746212042,1767954748613011,2400969,1002
Display,1767954747212042,1767954749662247,2450205,1001
Display,1767954748212042,1767954750708075,2496033,1003
Display,1767954749212042,1767954751755558,2543516,1002
Display,1767954750212042,1767954752802245,2590203,1000
Display,1767954751212042,1767954753853232,2641190,1002
Display,1767954752212042,1767954754900648,2688606,1002
Display,1767954753212042,1767954755949456,2737414,1001
Display,1767954754212042,1767954756999545,2787503,1002
Display,1767954755212042,1767954758049567,2837525,1002
Display,1767954756212042,1767954759100983,2888941,1002
Display,1767954757212042,1767954760153764,2941722,1001
Display,1767954758212042,1767954761205797,2993755,1000
Display,1767954759212042,1767954762258797,3046755,1002
Display,1767954760212042,1767954763308866,3096824,1002
Display,1767954761212042,1767954764357550,3145508,1001
Display,1767954762212042,1767954765405659,3193617,1000
Display,1767954763212042,1767954766451481,3239439,1002
Display,1767954764212042,1767954767498698,3286656,1000
Display,1767954765212042,1767954768549759,3337717,1000
Display,1767954766212042,1767954769602842,3390800,1002
Display,1767954767212042,1767954770658753,3446711,1002
Display,1767954768212042,1767954771713243,3501201,1002
Display,1767954769212042,1767954772762296,3550254,1000
Display,1767954770212042,1767954773813684,3601642,1002
Display,1767954771212042,1767954774869428,3657386,1001
Display,1767954772212042,1767954775923847,3711805,1000
